"Time","online workout"
"2026-05-28",0
"2026-05-29",71
"2026-05-30",54
"2026-05-31",99
"2026-06-01",84
"2026-06-02",81
"2026-06-03",0
"2026-06-04",53
"2026-06-05",84
"2026-06-06",58
"2026-06-07",63
"2026-06-08",67
"2026-06-09",0
"2026-06-10",0
"2026-06-11",0
"2026-06-12",36
"2026-06-13",0
"2026-06-14",36
"2026-06-15",0
"2026-06-16",0
"2026-06-17",0
"2026-06-18",40
"2026-06-19",35
"2026-06-20",0
"2026-06-21",0
"2026-06-22",0
"2026-06-23",0
"2026-06-24",30
"2026-06-25",0
"2026-06-26",0
"2026-06-27",0
"2026-06-28",0
"2026-06-29",0
"2026-06-30",0
"2026-07-01",0
"2026-07-02",30
"2026-07-03",0
"2026-07-04",0
"2026-07-05",29
"2026-07-06",100
"2026-07-07",0
"2026-07-08",0
"2026-07-09",46
"2026-07-10",42
"2026-07-11",0
"2026-07-12",33
"2026-07-13",0
"2026-07-14",0
"2026-07-15",0
"2026-07-16",0
"2026-07-17",0
"2026-07-18",0
"2026-07-19",0
"2026-07-20",0
"2026-07-21",0
"2026-07-22",0
"2026-07-23",0
"2026-07-24",0
"2026-07-25",0
"2026-07-26",36
"2026-07-27",0
"2026-07-28",0
"2026-07-29",0
"2026-07-30",0
"2026-07-31",0
"2026-08-01",0
"2026-08-02",0
"2026-08-03",0
"2026-08-04",0
"2026-08-05",0
"2026-08-06",0
"2026-08-07",0
"2026-08-08",0
"2026-08-09",0
"2026-08-10",0
"2026-08-11",14
"2026-08-12",11
"2026-08-13",15
"2026-08-14",14
"2026-08-15",11
"2026-08-16",14
"2026-08-17",14
"2026-08-18",12
"2026-08-19",11
"2026-08-20",11
"2026-08-21",11
"2026-08-22",10
"2026-08-23",11
"2026-08-24",12
"2026-08-25",6